lookup,wOBA_Away,wOBA_Home,wOBA_vL,wOBA_vR
A.J. Cole-Nationals,0.0,,,0.0
A.J. Ellis-Marlins,0.186666666667,0.27,0.11125,0.26425
A.J. Griffin-Rangers,0.1725,0.0,,0.1725
A.J. Pollock-Diamondbacks,0.275151515152,0.37412371134,0.325438596491,0.338679245283
AJ Ramos-Marlins,0.0,0.0,,
Aaron Altherr-Phillies,0.34412371134,0.426710526316,0.370925925926,0.384705882353
Aaron Hicks-Yankees,0.437666666667,0.411466666667,0.426610169492,0.425283018868
Aaron Hill-Giants,0.334347826087,0.166315789474,0.362777777778,0.18
Aaron Judge-Yankees,0.380086206897,0.540495049505,0.452291666667,0.455443786982
Aaron Loup-Blue Jays,0.0,0.0,,
Aaron Nola-Phillies,0.0985714285714,0.395,0.89,0.138
Aaron Sanchez-Blue Jays,0.0,0.0,,
Abraham Almonte-Indians,0.2,0.413170731707,0.208846153846,0.318194444444
Adalberto Mejia-Twins,0.0,0.0,,
Adam Conley-Marlins,0.0,0.296666666667,,0.127142857143
Adam Duvall-Reds,0.378363636364,0.333389830508,0.457083333333,0.327888888889
Adam Eaton-Nationals,0.323225806452,0.426976744186,0.2575,0.379677419355
Adam Engel-White Sox,0.148333333333,0.263333333333,0.345,0.178
Adam Frazier-Pirates,0.406081081081,0.292739726027,0.335357142857,0.353193277311
Adam Jones-Orioles,0.310384615385,0.303305084746,0.25014084507,0.333178807947
Adam Liberatore-Dodgers,0.0,0.0,,
Adam Lind-Nationals,0.377083333333,0.527307692308,0.1725,0.444571428571
Adam Morgan-Phillies,0.0,0.445,,0.445
Adam Ottavino-Rockies,0.0,0.0,,
Adam Rosales-Athletics,0.283611111111,0.246052631579,0.336279069767,0.234857142857
Adam Wainwright-Cardinals,0.288,0.410833333333,0.0,0.411052631579
Adam Warren-Yankees,0.0,0.0,,
Adam Wilk-Mets,,0.0,,0.0
Adam Wilk-Twins,0.0,0.0,,
Addison Reed-Mets,0.0,0.0,,
Addison Russell-Cubs,0.2984375,0.2491,0.328846153846,0.253194444444
Adeiny Hechavarria-Marlins,0.307450980392,0.219333333333,0.569230769231,0.218301886792
Adonis Garcia-Braves,0.278737864078,0.277924528302,0.355294117647,0.269064748201
Adrian Beltre-Rangers,,0.461153846154,0.616666666667,0.440869565217
Adrian Gonzalez-Dodgers,0.277058823529,0.303229166667,0.265384615385,0.3008
Al Alburquerque-Royals,0.0,0.0,,
Albert Almora Jr.-Cubs,0.273114754098,0.371538461538,0.423863636364,0.25115942029
Albert Pujols-Angels,0.25887755102,0.340569105691,0.245106382979,0.320344827586
Alcides Escobar-Royals,0.155714285714,0.211293103448,0.229298245614,0.169451219512
Alec Asher-Orioles,0.0,0.0,,
Aledmys Diaz-Cardinals,0.330294117647,0.262521008403,0.318979591837,0.286627906977
Alen Hanson-Pirates,0.272,0.146551724138,0.30875,0.194901960784
Alex Avila-Tigers,0.347903225806,0.527777777778,0.143636363636,0.46701754386
Alex Bregman-Astros,0.334285714286,0.283365384615,0.411458333333,0.278385093168
Alex Claudio-Rangers,0.0,0.0,,
Alex Cobb-Rays,0.0,0.0,,0.0
Alex Colome-Rays,0.0,0.0,,
Alex Gordon-Royals,0.213296703297,0.224851485149,0.213392857143,0.221838235294
Alex Meyer-Angels,0.445,0.0,,0.445
Alex Presley-Tigers,0.311818181818,0.538571428571,0.0,0.45
Alex Wilson-Tigers,0.0,0.0,,
Alex Wimmers-Twins,0.0,,,
Alex Wood-Dodgers,0.0,0.089,0.127142857143,0.0
Alexi Amarista-Rockies,0.434090909091,0.2352,0.42,0.354426229508
Allen Cordoba-Padres,0.42387755102,0.23984375,0.235625,0.333505154639
Amir Garrett-Reds,0.0,0.145,0.0,0.0892307692308
Andrelton Simmons-Angels,0.325882352941,0.301885245902,0.222653061224,0.336979166667
Andres Blanco-Phillies,0.205454545455,0.272727272727,0.29,0.226052631579
Andrew Bailey-Angels,0.0,0.0,,
Andrew Benintendi-Red Sox,0.353928571429,0.301441441441,0.313947368421,0.330648648649
Andrew Cashner-Rangers,0.0,0.0,,
Andrew Chafin-Diamondbacks,0.0,0.0,,
Andrew Knapp-Phillies,0.314358974359,0.400555555556,0.195384615385,0.38935483871
Andrew McCutchen-Pirates,0.289833333333,0.341682242991,0.485272727273,0.259593023256
Andrew Miller-Indians,0.0,0.0,,0.0
Andrew Romine-Tigers,0.270210526316,0.349642857143,0.235333333333,0.315619834711
Andrew Toles-Dodgers,0.271162790698,0.366206896552,0.41,0.321354166667
Andrew Triggs-Athletics,0.0,0.0,,
Anibal Sanchez-Tigers,0.0,0.0,,
Anthony Alford-Blue Jays,0.145,,0.0,0.29
Anthony Bass-Rangers,0.0,0.0,,
Anthony Recker-Braves,0.0,0.148333333333,0.0,0.148333333333
Anthony Rendon-Nationals,0.35918699187,0.430495049505,0.59,0.35455026455
Anthony Rizzo-Cubs,0.273534482759,0.39593495935,0.382881355932,0.321333333333
Anthony Swarzak-White Sox,0.0,0.0,,
Antonio Bastardo-Pirates,0.0,0.69,0.69,
Antonio Senzatela-Rockies,0.254285714286,0.0635714285714,0.0,0.178
Arcenio Leon-Tigers,0.0,0.0,,
Archie Bradley-Diamondbacks,0.0,0.0,0.0,0.0
Ariel Hernandez-Reds,0.0,,,0.0
Ariel Miranda-Mariners,0.0,0.0,0.0,0.0
Arismendy Alcantara-Reds,0.1225,0.377878787879,0.154736842105,0.328157894737
Arodys Vizcaino-Braves,0.0,0.0,,
Aroldis Chapman-Yankees,0.0,0.0,,
Asdrubal Cabrera-Mets,0.320921052632,0.262888888889,0.263939393939,0.295789473684
Asher Wojciechowski-Reds,0.0,0.0,0.0,0.0
Ashur Tolliver-Astros,,0.0,,
Austin Barnes-Dodgers,0.38243902439,0.351111111111,0.356842105263,0.378461538462
Austin Bibens-Dirkx-Rangers,0.0,0.0,,
Austin Brice-Reds,0.0,0.0,,0.0
Austin Hedges-Padres,0.300337078652,0.295777777778,0.247692307692,0.318661417323
Austin Jackson-Indians,0.385,0.320967741935,0.37675,0.313043478261
Austin Pruitt-Rays,0.0,0.0,,
Austin Romine-Yankees,0.135581395349,0.369583333333,0.1812,0.288484848485
Austin Slater-Giants,0.175555555556,,0.89,0.08625
Avisail Garcia-White Sox,0.374390243902,0.375505617978,0.481724137931,0.33461038961
Barrett Astin-Reds,0.0,0.0,,0.0
Bartolo Colon-Braves,0.0,0.0,,0.0
Ben Gamel-Mariners,0.372876712329,0.367837837838,0.278620689655,0.392881355932
Ben Lively-Phillies,,0.445,,0.445
Ben Revere-Angels,0.238548387097,0.231379310345,0.127142857143,0.249339622642
Ben Taylor-Red Sox,0.0,0.0,,
Ben Zobrist-Cubs,0.32130952381,0.325096153846,0.285813953488,0.334551724138
Billy Burns-Royals,,0.0,0.0,0.0
Billy Hamilton-Reds,0.238785046729,0.310227272727,0.218301886792,0.295322580645
Blaine Boyer-Red Sox,0.0,0.0,,
Blaine Hardy-Tigers,0.0,0.0,,
Blake Parker-Angels,0.0,0.0,,
Blake Snell-Rays,0.0,0.0,,
Blake Treinen-Nationals,0.0,0.0,,
Blake Wood-Reds,0.0,0.0,,
Bobby Wahl-Athletics,0.0,0.0,,
Boog Powell-Mariners,0.1975,0.316,0.526666666667,0.2528
Boone Logan-Indians,0.0,0.0,,
Brad Brach-Orioles,0.0,0.0,,
Brad Goldberg-White Sox,0.0,,,
Brad Hand-Padres,0.0,0.0,,0.0
Brad Miller-Rays,0.286875,0.299438202247,0.290425531915,0.294672131148
Brad Peacock-Astros,0.0,0.0,,
Brad Ziegler-Marlins,0.0,0.0,,
Braden Shipley-Diamondbacks,0.0,,,0.0
Bradley Zimmer-Indians,0.368636363636,0.386451612903,0.158,0.430465116279
Brandon Belt-Giants,0.352627737226,0.333119266055,0.268333333333,0.387628205128
Brandon Crawford-Giants,0.342604166667,0.271216216216,0.373913043478,0.288387096774
Brandon Drury-Diamondbacks,0.1990625,0.439375,0.245535714286,0.349558823529
Brandon Finnegan-Reds,0.0,0.0,0.0,0.0
Brandon Guyer-Indians,0.265588235294,0.0847619047619,0.190434782609,0.227777777778
Brandon Kintzler-Twins,0.0,0.0,,
Brandon Maurer-Padres,0.0,0.0,,
Brandon McCarthy-Dodgers,0.1725,0.225714285714,0.0,0.211428571429
Brandon Morrow-Dodgers,0.0,0.0,,
Brandon Moss-Royals,0.286060606061,0.2915,0.540588235294,0.255891472868
Brandon Phillips-Braves,0.2711,0.375662650602,0.352,0.311960784314
Brandon Workman-Red Sox,,0.0,,
Brent Suter-Brewers,,0.0,,
Brett Anderson-Cubs,0.263333333333,0.0,0.0,0.225714285714
Brett Cecil-Cardinals,0.0,0.0,,
Brett Eibner-Dodgers,0.335555555556,0.169411764706,0.327058823529,0.186666666667
Brett Gardner-Yankees,0.357637795276,0.380549450549,0.323333333333,0.378612716763
Brett Phillips-Brewers,,0.296666666667,,0.296666666667
Brian Dozier-Twins,0.311960784314,0.320546875,0.3805,0.303315789474
Brian Duensing-Cubs,0.0,0.0,0.0,0.0
Brian Ellington-Marlins,0.0,0.0,,0.0
Brian Goodwin-Nationals,0.314137931034,0.354545454545,0.8,0.286756756757
Brian Johnson-Red Sox,0.0,0.0,,
Brian McCann-Astros,0.371294117647,0.31546875,0.422424242424,0.325948275862
Brock Holt-Red Sox,0.28375,0.0,0.69,0.213888888889
Brock Stassi-Phillies,0.256315789474,0.316774193548,0.121538461538,0.321071428571
Bronson Arroyo-Reds,0.197777777778,0.0741666666667,0.0,0.166875
Brooks Pounders-Angels,0.0,0.0,,
Bruce Maxwell-Athletics,0.395,0.225,0.2225,0.263333333333
Bruce Rondon-Tigers,0.0,0.0,,
Bryan Mitchell-Yankees,0.0,0.0,,
Bryan Morris-Giants,0.0,0.0,,
Bryan Shaw-Indians,0.0,0.0,,
Bryce Harper-Nationals,0.436388888889,0.454351851852,0.3782,0.465602409639
Buck Farmer-Tigers,0.0,,,
Bud Norris-Angels,0.0,0.0,,
Buddy Boshers-Twins,0.0,0.0,,
Buster Posey-Giants,0.385234375,0.441764705882,0.461571428571,0.373333333333
Byron Buxton-Twins,0.246,0.245,0.286341463415,0.23208
C.J. Cron-Angels,0.291627906977,0.211276595745,0.418888888889,0.230864197531
CC Sabathia-Yankees,0.1725,0.0,,0.1725
Caleb Joseph-Orioles,0.312608695652,0.2476,0.3532,0.252535211268
Cam Bedrosian-Angels,0.0,0.0,,
Cameron Maybin-Angels,0.314901960784,0.338235294118,0.340888888889,0.320633802817
Cameron Rupp-Phillies,0.315675675676,0.299375,0.441136363636,0.24585106383
Carl Edwards Jr.-Cubs,0.0,0.0,0.0,0.0
Carlos Asuaje-Padres,0.0,,,0.0
Carlos Beltran-Astros,0.304761904762,0.302424242424,0.249583333333,0.320256410256
Carlos Carrasco-Indians,0.0,0.0,0.0,0.0
Carlos Correa-Astros,0.378661417323,0.401683168317,0.360392156863,0.397062146893
Carlos Estevez-Rockies,0.0,0.0,,
Carlos Gomez-Rangers,0.259210526316,0.371707317073,0.155862068966,0.353953488372
Carlos Gonzalez-Rockies,0.287384615385,0.301,0.260327868852,0.305471698113
Carlos Martinez-Cardinals,0.294,0.128125,0.5125,0.0494444444444
Carlos Perez-Angels,0.0,0.127142857143,,0.0684615384615
Carlos Ruiz-Mariners,0.314411764706,0.148,0.123333333333,0.285
Carlos Santana-Indians,0.325447761194,0.297678571429,0.25043956044,0.349419354839
Carlos Torres-Brewers,0.0,0.0,,
Casey Fien-Mariners,0.0,0.0,,
Casey Lawrence-Blue Jays,0.0,,,0.0
Casey Lawrence-Mariners,0.0,0.0,,0.0
Cesar Hernandez-Phillies,0.298045112782,0.369633027523,0.304736842105,0.341987951807
Cesar Valdez-Athletics,0.0,0.0,,
Cesar Valdez-Blue Jays,0.0,,,
Chad Bell-Tigers,0.0,0.0,,
Chad Green-Yankees,0.0,0.0,,
Chad Kuhl-Pirates,0.138,0.0,,0.0575
Chad Pinder-Athletics,0.417647058824,0.327636363636,0.291111111111,0.410188679245
Chad Qualls-Rockies,0.0,0.0,,
Charlie Blackmon-Rockies,0.311142857143,0.510701754386,0.335517241379,0.434670658683
Charlie Morton-Astros,0.0,0.0,,
Chase Anderson-Brewers,0.148333333333,0.0809090909091,,0.116086956522
Chase De Jong-Mariners,0.0,0.0,,
Chase Headley-Yankees,0.233781512605,0.347831325301,0.176315789474,0.321655172414
Chase Utley-Dodgers,0.299868421053,0.3171875,0.131666666667,0.324296875
Chase Whitley-Rays,0.0,0.0,,
Chase d'Arnaud-Braves,0.2225,0.526666666667,0.50625,0.0
Chase d'Arnaud-Padres,0.267272727273,0.259285714286,0.0,0.298636363636
Chase d'Arnaud-Red Sox,0.89,,,0.89
Chasen Shreve-Yankees,0.0,0.0,,0.0
Chaz Roe-Braves,0.0,,,
Cheslor Cuthbert-Royals,0.224318181818,0.170833333333,0.232424242424,0.18
Chih-Wei Hu-Rays,0.0,0.0,,
Chris Archer-Rays,0.0,0.0,,
Chris Beck-White Sox,0.0,0.0,,
Chris Bostick-Pirates,0.138,,0.23,0.0
Chris Carter-Yankees,0.218484848485,0.319830508475,0.235227272727,0.283209876543
Chris Coghlan-Blue Jays,0.3292,0.139655172414,0.23,0.262054794521
Chris Davis-Orioles,0.350490196078,0.324705882353,0.35358974359,0.327342657343
Chris Devenski-Astros,0.0,0.0,,
Chris Gimenez-Twins,0.2955,0.300540540541,0.287037037037,0.3038
Chris Hatcher-Dodgers,0.0,0.0,,
Chris Heisey-Nationals,0.145806451613,0.224210526316,0.116,0.1905
Chris Herrmann-Diamondbacks,0.226666666667,0.349756097561,0.0,0.328148148148
Chris Heston-Mariners,0.0,0.0,,
Chris Iannetta-Diamondbacks,0.419074074074,0.195384615385,0.468333333333,0.257142857143
Chris Marrero-Giants,0.095,0.318571428571,0.234736842105,0.117619047619
Chris Owings-Diamondbacks,0.278411214953,0.39212962963,0.34253968254,0.332631578947
Chris Rusin-Rockies,0.445,0.0,0.0,0.89
Chris Sale-Red Sox,0.0,0.0,,
Chris Stewart-Pirates,0.19619047619,0.339545454545,0.237692307692,0.283333333333
Chris Stratton-Giants,0.0,0.0,,
Chris Taylor-Dodgers,0.386585365854,0.420833333333,0.462307692308,0.382347826087
Chris Tillman-Orioles,0.0,0.0,,
Chris Young-Red Sox,0.317605633803,0.328979591837,0.272285714286,0.342823529412
Chris Young-Royals,0.0,0.0,,
Christian Arroyo-Giants,0.25671641791,0.217121212121,0.245,0.231975308642
Christian Bergman-Mariners,0.0,0.0,,0.0
Christian Bethancourt-Padres,0.2225,0.0,0.0,0.2225
Christian Colon-Marlins,0.193333333333,0.247,0.0988888888889,0.391428571429
Christian Colon-Royals,0.0988888888889,0.274444444444,0.1975,0.178
Christian Vazquez-Red Sox,0.302456140351,0.410714285714,0.350666666667,0.347976190476
Christian Yelich-Marlins,0.312336448598,0.330564516129,0.284262295082,0.335705882353
Clay Buchholz-Phillies,0.0,0.0,0.0,0.0
Clayton Kershaw-Dodgers,0.127142857143,0.27,0.148333333333,0.214782608696
Clayton Richard-Padres,0.296666666667,0.0741666666667,0.254285714286,0.127142857143
Cliff Pennington-Angels,0.254736842105,0.272826086957,0.178,0.276351351351
Cody Allen-Indians,0.0,0.0,,
Cody Asche-White Sox,0.179318181818,0.055625,0.0,0.159636363636
Cody Bellinger-Dodgers,0.372592592593,0.373417721519,0.388717948718,0.367933884298
Cody Reed-Reds,0.0,0.0,0.0,0.0
Colby Rasmus-Rays,0.33075,0.375283018868,0.525,0.344482758621
Cole Hamels-Rangers,0.0,0.0,,
Conor Gillaspie-Giants,0.0686956521739,0.261153846154,0.148333333333,0.173953488372
Corey Dickerson-Rays,0.427154471545,0.378347826087,0.385138888889,0.41156626506
Corey Kluber-Indians,0.445,0.0,0.445,
Corey Knebel-Brewers,0.0,0.0,,
Corey Seager-Dodgers,0.369051724138,0.355354330709,0.361066666667,0.362261904762
Cory Gearrin-Giants,0.0,0.0,,
Cory Spangenberg-Padres,0.19862745098,0.290147058824,0.23125,0.255894736842
Craig Breslow-Twins,0.0,0.0,,
Craig Gentry-Orioles,0.214,0.282941176471,0.281785714286,0.162142857143
Craig Kimbrel-Red Sox,0.0,0.0,,
Craig Stammen-Padres,0.69,0.0,,0.23
Cristhian Adames-Rockies,0.0,0.0766666666667,0.0,0.08625
Curtis Granderson-Mets,0.292117647059,0.260924369748,0.168,0.299756097561
DJ LeMahieu-Rockies,0.314621212121,0.316016949153,0.39115942029,0.28635359116
Dallas Keuchel-Astros,0.0,0.0,,0.0
Damien Magnifico-Angels,,0.0,,
Dan Altavilla-Mariners,0.0,0.0,,
Dan Jennings-White Sox,0.0,0.0,,
Dan Otero-Indians,0.0,0.0,,
Dan Straily-Marlins,0.0,0.0635714285714,0.0,0.0494444444444
Daniel Coulombe-Athletics,0.0,0.0,,
Daniel Descalso-Diamondbacks,0.25488372093,0.365423728814,0.274814814815,0.334666666667
Daniel Hudson-Pirates,0.0,0.0,,
Daniel Mengden-Athletics,0.0,0.0,,
Daniel Murphy-Nationals,0.448560606061,0.319893617021,0.352093023256,0.405136612022
Daniel Nava-Phillies,0.370416666667,0.3812,0.340416666667,0.390612244898
Daniel Norris-Tigers,0.0,0.0,,
Daniel Robertson-Indians,0.326923076923,0.264827586207,0.371904761905,0.19619047619
Daniel Robertson-Rays,0.292089552239,0.311754385965,0.307608695652,0.297307692308
Daniel Stumpf-Tigers,,0.0,,
Daniel Vogelbach-Mariners,0.226470588235,0.296666666667,0.2225,0.240625
Daniel Wright-Angels,0.0,0.0,,
Danny Barnes-Blue Jays,0.0,0.0,,
Danny Duffy-Royals,0.0,0.0,,
Danny Espinosa-Angels,0.148275862069,0.30869047619,0.2644,0.211652892562
Danny Farquhar-Rays,0.0,0.0,,
Danny Ortiz-Pirates,0.0,0.225714285714,0.89,0.0575
Danny Salazar-Indians,0.0,0.0,,
Danny Santana-Braves,0.259393939394,0.232,0.39375,0.220857142857
Danny Santana-Twins,0.0,0.342631578947,0.069,0.36375
Danny Valencia-Mariners,0.297027027027,0.383516483516,0.324888888889,0.339171974522
Dansby Swanson-Braves,0.276492537313,0.23012195122,0.397666666667,0.236505376344
Dario Alvarez-Rangers,0.0,0.0,,
Darrell Ceciliani-Blue Jays,0.63,0.0,,0.63
Darren O'Day-Orioles,0.0,0.0,,
Darwin Barney-Blue Jays,0.232909090909,0.246290322581,0.225,0.249718309859
David Freese-Pirates,0.3325,0.336285714286,0.387222222222,0.31641509434
David Goforth-Brewers,,0.0,,
David Hernandez-Angels,0.0,0.0,,
David Holmberg-White Sox,0.0,0.0,,
David Paulino-Astros,0.0,,,
David Peralta-Diamondbacks,0.294239130435,0.3815,0.263636363636,0.355471698113
David Phelps-Marlins,0.0,0.0,,0.0
David Price-Red Sox,0.0,,,
David Robertson-White Sox,0.0,0.0,,
Dayan Diaz-Astros,0.0,,,
Dee Gordon-Marlins,0.249907407407,0.320967741935,0.187,0.323081395349
Delino DeShields-Rangers,0.290606060606,0.307647058824,0.299361702128,0.299195402299
Dellin Betances-Yankees,0.0,0.0,,
Denard Span-Giants,0.302112676056,0.304605263158,0.247931034483,0.317033898305
Deolis Guerra-Angels,0.0,0.0,,
Derek Dietrich-Marlins,0.326885245902,0.208777777778,0.466538461538,0.2128
Derek Holland-White Sox,0.0,0.0,,
Derek Law-Giants,0.0,0.0,,
Derek Norris-Rays,0.259647058824,0.243142857143,0.264102564103,0.248189655172
Deven Marrero-Red Sox,0.173396226415,0.342592592593,0.548333333333,0.138225806452
Devin Mesoraco-Reds,0.257931034483,0.381956521739,0.2744,0.3638
Devon Travis-Blue Jays,0.282659574468,0.319795918367,0.419142857143,0.275414012739
Dexter Fowler-Cardinals,0.240813953488,0.374094488189,0.261428571429,0.345
Didi Gregorius-Yankees,0.34527027027,0.324426229508,0.339230769231,0.334479166667
Diego Moreno-Rays,0.0,0.0,,
Dillon Gee-Rangers,,0.0,,
Dillon Overton-Mariners,0.0,0.0,,
Dinelson Lamet-Padres,0.0,0.0,,0.0
Dixon Machado-Tigers,0.338484848485,0.244761904762,0.214782608696,0.366774193548
Domingo Santana-Brewers,0.372386363636,0.35175,0.352807017544,0.363377483444
Dominic Leone-Blue Jays,0.0,0.0,,
Donnie Hart-Orioles,0.0,0.0,,
Dovydas Neverauskas-Pirates,,0.0,,
Drew Butera-Royals,0.308333333333,0.241304347826,0.2604,0.292727272727
Drew Pomeranz-Red Sox,0.0,0.0,,0.0
Drew Robinson-Rangers,,0.0,,0.0
Drew Rucinski-Twins,,0.0,,
Drew Steckenrider-Marlins,0.0,,,
Drew Storen-Reds,0.0,0.0,,0.0
Drew Stubbs-Giants,0.0,0.166315789474,0.131666666667,0.131666666667
Dustin Garneau-Rockies,0.31,0.201842105263,0.221176470588,0.281315789474
Dustin McGowan-Marlins,0.0,0.0,0.0,0.0
Dustin Pedroia-Red Sox,0.32989010989,0.332673267327,0.316428571429,0.333902439024
Dwight Smith-Blue Jays,0.37,,0.23,0.58
Dylan Bundy-Orioles,0.0,0.0,,
Dylan Covey-White Sox,0.0,0.0,0.0,
Dylan Floro-Cubs,0.0,0.0,,0.0
Eddie Butler-Cubs,0.1725,0.0,,0.08625
Eddie Rosario-Twins,0.197625,0.378365384615,0.2916,0.302835820896
Edinson Volquez-Marlins,0.381428571429,0.0988888888889,0.0,0.273846153846
Eduardo Escobar-Twins,0.397179487179,0.221643835616,0.406052631579,0.219459459459
Eduardo Nunez-Giants,0.3434375,0.265760869565,0.294383561644,0.319183673469
Eduardo Rodriguez-Red Sox,0.0,0.0,,0.0
Edubray Ramos-Phillies,0.0,0.0,,
Edwin Diaz-Mariners,0.0,0.0,,
Edwin Encarnacion-Indians,0.359426229508,0.285288461538,0.341558441558,0.316912751678
Ehire Adrianza-Twins,0.197777777778,0.401818181818,0.2225,0.36037037037
Elias Diaz-Pirates,0.44,0.1725,0.0985714285714,0.5225
Elvis Andrus-Rangers,0.343846153846,0.355454545455,0.320638297872,0.356910994764
Emilio Bonifacio-Braves,0.145294117647,0.161818181818,0.0,0.194516129032
Emilio Pagan-Mariners,0.0,0.0,,0.0
Ender Inciarte-Braves,0.295328947368,0.408666666667,0.394090909091,0.330798122066
Enny Romero-Nationals,0.0,0.0,,0.0
Enrique Hernandez-Dodgers,0.282903225806,0.353055555556,0.377166666667,0.27472972973
Erasmo Ramirez-Rays,0.0,0.0,,
Eric Fryer-Cardinals,0.289545454545,0.195714285714,0.0,0.293870967742
Eric Hosmer-Royals,0.316697247706,0.373983739837,0.320694444444,0.3589375
Eric O'Flaherty-Braves,0.0,0.0,,
Eric Skoglund-Royals,,0.0,,
Eric Sogard-Brewers,0.532162162162,0.401153846154,0.479444444444,0.477555555556
Eric Thames-Brewers,0.474945054945,0.360327868852,0.399074074074,0.412767295597
Eric Young Jr.-Angels,,0.4056,0.411666666667,0.403684210526
Erick Aybar-Padres,0.271397849462,0.228227848101,0.280882352941,0.244347826087
Erik Gonzalez-Indians,0.0,0.356,0.0,0.356
Ervin Santana-Twins,0.0,0.0,,
Eugenio Suarez-Reds,0.308857142857,0.41905982906,0.416279069767,0.355083798883
Evan Gattis-Astros,0.331296296296,0.32630952381,0.309714285714,0.334563106796
Evan Longoria-Rays,0.274838709677,0.358976377953,0.284736842105,0.3316
Evan Marshall-Mariners,0.0,0.0,,
Evan Scribner-Mariners,0.0,0.0,,
Ezequiel Carrera-Blue Jays,0.306973684211,0.352666666667,0.17380952381,0.354620689655
Felipe Rivero-Pirates,0.0,0.0,,
Felix Hernandez-Mariners,0.0,0.0,,
Felix Pena-Cubs,0.0,0.69,0.69,
Fernando Abad-Red Sox,0.0,0.0,,
Fernando Rodney-Diamondbacks,0.0,0.0,,
Fernando Salas-Mets,0.0,0.89,,0.89
Franchy Cordero-Padres,0.341666666667,0.349523809524,0.445,0.34
Francisco Cervelli-Pirates,0.385862068966,0.259880952381,0.279512195122,0.338
Francisco Lindor-Indians,0.310546875,0.408867924528,0.4,0.329463087248
Francisco Liriano-Blue Jays,0.0,0.0,,
Francisco Pena-Orioles,0.995,0.445,0.254285714286,1.62333333333
Francisco Rodriguez-Tigers,0.0,0.0,,
Frankie Montas-Athletics,0.0,0.0,,
Franklin Gutierrez-Dodgers,0.342692307692,0.234736842105,0.311428571429,0.247
Freddie Freeman-Braves,0.459711538462,0.530172413793,0.461538461538,0.489411764706
Freddy Galvis-Phillies,0.274220183486,0.324646464646,0.232459016393,0.325510204082
Gabriel Ynoa-Orioles,,0.0,,
Garrett Richards-Angels,0.0,,,
Gary Sanchez-Yankees,0.372298850575,0.240909090909,0.243076923077,0.361914893617
George Kontos-Giants,0.0,0.0,0.0,
George Springer-Astros,0.412654867257,0.327886178862,0.499666666667,0.32375
Geovany Soto-White Sox,0.193181818182,0.372083333333,0.382142857143,0.2446875
Gerardo Parra-Rockies,0.294868421053,0.394736842105,0.33,0.349736842105
German Marquez-Rockies,0.0,0.254285714286,0.0,0.197777777778
Gerrit Cole-Pirates,0.0,0.178,0.0,0.0936842105263
Giancarlo Stanton-Marlins,0.383879310345,0.391596638655,0.564651162791,0.348177083333
Gift Ngoepe-Pirates,0.341282051282,0.176086956522,0.211428571429,0.3
Gio Gonzalez-Nationals,0.258461538462,0.131666666667,0.0,0.247
Giovanny Gallegos-Yankees,0.0,0.0,,
Gorkys Hernandez-Giants,0.218533333333,0.219743589744,0.227368421053,0.210526315789
Grant Dayton-Dodgers,0.0,0.0,,
Grant Green-Nationals,0.0,,,0.0
Greg Bird-Yankees,0.124848484848,0.271081081081,0.23,0.19953125
Greg Garcia-Cardinals,0.285853658537,0.347906976744,0.202631578947,0.351230769231
Greg Holland-Rockies,0.0,0.0,,
Gregor Blanco-Diamondbacks,0.307272727273,0.286363636364,0.147,0.366956521739
Gregory Infante-White Sox,0.0,0.0,,
Gregory Polanco-Pirates,0.267619047619,0.3728,0.272653061224,0.337090909091
Guillermo Heredia-Mariners,0.359550561798,0.252658227848,0.384,0.277627118644
Hanley Ramirez-Red Sox,0.272068965517,0.38137254902,0.26875,0.343757961783
Hansel Robles-Mets,0.0,0.0,,0.0
Heath Hembree-Red Sox,0.0,0.0,,
Hector Neris-Phillies,0.0,0.0,,
Hector Rondon-Cubs,0.0,0.0,,
Hector Sanchez-Padres,0.223125,0.08625,0.0,0.236666666667
Hector Santiago-Twins,0.0,0.0,,
Hector Velazquez-Red Sox,0.0,,,
Hernan Perez-Brewers,0.3185,0.328165137615,0.270188679245,0.345073529412
Hisashi Iwakuma-Mariners,0.0,0.0,,
Howie Kendrick-Phillies,0.356551724138,0.367894736842,0.498666666667,0.323846153846
Hunter Pence-Giants,0.27956043956,0.258166666667,0.282096774194,0.263370786517
Hunter Renfroe-Padres,0.329285714286,0.285892857143,0.424655172414,0.266686746988
Hunter Strickland-Giants,0.0,0.0,,
Hunter Wood-Rays,0.0,,,
Hyun Soo Kim-Orioles,0.280294117647,0.31641025641,0.526666666667,0.289857142857
Hyun-Jin Ryu-Dodgers,0.0766666666667,0.518571428571,0.225714285714,0.304444444444
Ian Desmond-Rockies,0.300512820513,0.27,0.318387096774,0.278712871287
Ian Happ-Cubs,0.208148148148,0.418571428571,0.283333333333,0.35868852459
Ian Kennedy-Royals,0.0,0.0,,
Ian Kinsler-Tigers,0.308470588235,0.29829787234,0.375588235294,0.286137931034
Ian Krol-Braves,0.0,0.0,,
Ichiro Suzuki-Marlins,0.23625,0.186285714286,0.260952380952,0.194259259259
Ivan Nova-Pirates,0.0,0.0988888888889,0.0988888888889,0.0
J.A. Happ-Blue Jays,0.0,0.0,,
J.D. Martinez-Tigers,0.349111111111,0.619761904762,0.869333333333,0.398611111111
J.J. Hardy-Orioles,0.292105263158,0.1871,0.21640625,0.24893129771
J.J. Hoover-Diamondbacks,0.0,0.0,,
J.P. Howell-Blue Jays,0.0,0.0,,
J.T. Realmuto-Marlins,0.409292929293,0.261263157895,0.478780487805,0.298758169935
JC Ramirez-Angels,0.0,0.0,,0.0
JT Riddle-Marlins,0.339666666667,0.301176470588,0.2708,0.327397260274
JaCoby Jones-Tigers,0.123888888889,0.343157894737,0.165789473684,0.2175
Jabari Blash-Padres,0.278636363636,0.240625,0.268571428571,0.255294117647
Jace Peterson-Braves,0.28171875,0.211896551724,0.0809090909091,0.265135135135
Jackie Bradley Jr.-Red Sox,0.388292682927,0.260857142857,0.487,0.290901639344
Jacob Barnes-Brewers,0.0,0.0,,
Jacob May-White Sox,0.0494444444444,0.140952380952,0.143636363636,0.0810714285714
Jacob Turner-Nationals,0.23,0.0,0.0,0.23
Jacob deGrom-Mets,0.361111111111,0.127142857143,0.296666666667,0.295454545455
Jacoby Ellsbury-Yankees,0.387848101266,0.267246376812,0.303023255814,0.343333333333
Jaff Decker-Athletics,0.243076923077,0.2809375,0.33375,0.2528
Jaime Garcia-Braves,0.089,0.29,0.0,0.157692307692
Jake Arrieta-Cubs,0.205625,0.0,0.0,0.156666666667
Jake Buchanan-Reds,0.0,0.445,,0.445
Jake Esch-Padres,0.0,,,
Jake Junis-Royals,0.0,0.0,,
Jake Lamb-Diamondbacks,0.38704,0.385826086957,0.221833333333,0.441333333333
Jake Marisnick-Astros,0.280444444444,0.427894736842,0.250789473684,0.43
Jake McGee-Rockies,0.0,0.0,,
Jake Odorizzi-Rays,0.0,0.0,0.0,
Jake Petricka-White Sox,,0.0,,
Jake Thompson-Phillies,,0.0,,
James Hoyt-Astros,0.0,0.0,,
James McCann-Tigers,0.310172413793,0.302698412698,0.463125,0.249887640449
James Paxton-Mariners,0.0,0.0,,
James Pazos-Mariners,0.0,0.0,,
James Shields-White Sox,0.0,0.0,,
Jameson Taillon-Pirates,0.0,0.2225,0.0,0.127142857143
Jandel Gustave-Astros,0.0,0.0,,
Jared Hoying-Rangers,0.127142857143,0.313571428571,0.1975,0.240731707317
Jared Hughes-Brewers,0.0,0.0,,
Jarlin Garcia-Marlins,0.0,0.0,,
Jarred Cosart-Padres,0.0,0.0,,0.0
Jarrett Parker-Giants,0.0,0.424545454545,0.0,0.222380952381
Jarrod Dyson-Mariners,0.270194174757,0.280963855422,0.197647058824,0.292302631579
Jarrod Saltalamacchia-Blue Jays,0.0929411764706,0.0,0.0,0.09875
Jason Castro-Twins,0.269464285714,0.336263736264,0.318333333333,0.30780952381
Jason Grilli-Blue Jays,0.0,0.0,,
Jason Hammel-Royals,0.0,0.0,,
Jason Heyward-Cubs,0.324047619048,0.289277108434,0.218372093023,0.337419354839
Jason Kipnis-Indians,0.266,0.326206896552,0.288305084746,0.304077669903
Jason Motte-Braves,0.0,0.0,,
Jason Vargas-Royals,0.0,0.0,,
Jason Wheeler-Twins,,0.0,,
Javier Baez-Cubs,0.242191780822,0.407142857143,0.365384615385,0.313142857143
Jay Bruce-Mets,0.352842105263,0.337910447761,0.212037037037,0.384857142857
Jayson Aquino-Orioles,0.0,0.0,,
Jayson Werth-Nationals,0.351538461538,0.351648351648,0.421724137931,0.339337349398
Jean Machi-Mariners,0.0,0.0,,0.0
Jean Segura-Mariners,0.36528,0.360869565217,0.372608695652,0.360945945946
Jeanmar Gomez-Phillies,0.0,0.0,,
Jed Lowrie-Athletics,0.295535714286,0.398803418803,0.229423076923,0.383220338983
Jedd Gyorko-Cardinals,0.408045977011,0.345652173913,0.325348837209,0.391985294118
Jeff Beliveau-Blue Jays,0.0,,,
Jeff Hoffman-Rockies,0.178,0.0,0.0,0.178
Jeff Locke-Marlins,,0.0,,0.0
Jeff Mathis-Diamondbacks,0.0953488372093,0.297884615385,0.3512,0.154428571429
Jeff Samardzija-Giants,0.136666666667,0.0,0.0,0.120588235294
Jefry Marte-Angels,0.250909090909,0.250943396226,0.294130434783,0.218870967742
Jeimer Candelario-Cubs,0.0877777777778,0.5125,0.395,0.113888888889
Jerad Eickhoff-Phillies,0.127142857143,0.0,0.0,0.11125
Jered Weaver-Padres,0.0,0.0,0.0,0.0
Jeremy Guthrie-Nationals,0.0,,,
Jeremy Hazelbaker-Diamondbacks,0.388888888889,0.384,0.29,0.4008
Jeremy Hellickson-Phillies,0.311538461538,0.158,0.178,0.263333333333
Jeremy Jeffress-Rangers,0.0,0.0,,
Jerry Blevins-Mets,0.0,0.0,,
Jesse Chavez-Angels,0.0,0.0,0.0,0.0
Jesse Hahn-Athletics,0.0,0.0,,
Jesse Winker-Reds,,0.58,,0.58
Jesus Aguilar-Brewers,0.393958333333,0.323676470588,0.377045454545,0.337916666667
Jesus Sucre-Rays,0.33625,0.211428571429,0.247,0.281276595745
Jett Bandy-Brewers,0.318679245283,0.335507246377,0.597058823529,0.284666666667
Jeurys Familia-Mets,0.0,0.0,,
Jhan Marinez-Brewers,0.0,0.0,,0.0
Jhan Marinez-Pirates,0.0,0.0,0.0,
Jharel Cotton-Athletics,0.0,0.0,,
Jhonny Peralta-Cardinals,0.1265625,0.3044,0.1344,0.259375
Jhoulys Chacin-Padres,0.404545454545,0.0988888888889,0.0,0.314117647059
Jim Adduci-Tigers,0.483333333333,0.288571428571,0.411666666667,0.366511627907
Jim Johnson-Braves,0.0,0.0,,
Jimmy Nelson-Brewers,0.0988888888889,0.0741666666667,0.127142857143,0.0
Joakim Soria-Royals,0.0,0.0,,
Joaquin Benoit-Phillies,0.0,0.0,,
Joc Pederson-Dodgers,0.271967213115,0.261228070175,0.177083333333,0.289680851064
Joe Biagini-Blue Jays,0.0,0.0,,0.0
Joe Blanton-Nationals,0.69,0.0,,0.69
Joe Jimenez-Tigers,0.0,0.0,,
Joe Kelly-Red Sox,0.0,0.0,,
Joe Mauer-Twins,0.312588235294,0.350892857143,0.199714285714,0.363456790123
Joe Musgrove-Astros,0.0,0.0,,0.0
Joe Panik-Giants,0.319919354839,0.250434782609,0.242941176471,0.312094594595
Joe Ross-Nationals,0.08625,0.296666666667,0.0,0.19
Joe Smith-Blue Jays,0.0,0.0,,
Joely Rodriguez-Phillies,0.0,0.0,,
Joey Gallo-Rangers,0.337422680412,0.341388888889,0.34,0.339367088608
Joey Rickard-Orioles,0.21,0.35380952381,0.304444444444,0.237647058824
Joey Votto-Reds,0.350973451327,0.457596899225,0.432884615385,0.400947368421
Johan Camargo-Braves,0.264285714286,0.317857142857,0.3425,0.273846153846
John Axford-Athletics,0.0,0.0,,
John Bormann-Pirates,0.0,,0.0,
John Brebbia-Cardinals,0.0,0.0,,
John Hicks-Tigers,0.378260869565,0.373846153846,0.375238095238,0.376428571429
John Jaso-Pirates,0.341746031746,0.269275362319,0.201764705882,0.318956521739
John Lackey-Cubs,0.296666666667,0.0966666666667,0.178,0.18375
Johnny Barbato-Pirates,0.0,0.0,,0.0
Johnny Cueto-Giants,0.0929411764706,0.0,0.0684615384615,0.0766666666667
Jon Gray-Rockies,0.0,0.0,0.0,0.0
Jon Jay-Cubs,0.303076923077,0.349795918367,0.332857142857,0.323875
Jon Lester-Cubs,0.185,0.0635714285714,0.0985714285714,0.120588235294
Jonathan Broxton-Cardinals,0.0,0.0,,
Jonathan Holder-Yankees,0.0,0.0,,
Jonathan Lucroy-Rangers,0.312325581395,0.261111111111,0.320952380952,0.27624
Jonathan Schoop-Orioles,0.344230769231,0.337920792079,0.296417910448,0.362826086957
Jonathan Villar-Brewers,0.207272727273,0.305,0.236666666667,0.275120481928
Jordan Jankowski-Astros,0.0,0.0,,
Jordan Lyles-Rockies,0.0,0.445,,0.445
Jordan Montgomery-Yankees,0.276,0.0,0.69,0.1725
Jordan Zimmermann-Tigers,0.0,0.0,,
Jordy Mercer-Pirates,0.334152542373,0.318613861386,0.225172413793,0.363664596273
Jorge Bonifacio-Royals,0.40921875,0.323150684932,0.254473684211,0.405151515152
Jorge De La Rosa-Diamondbacks,0.0,0.0,,0.0
Jorge Polanco-Twins,0.269569892473,0.3043,0.25275862069,0.302518518519
Jorge Soler-Royals,0.192580645161,0.319117647059,0.320416666667,0.222682926829
Jose Abreu-White Sox,0.370441176471,0.297446808511,0.469836065574,0.293964497041
Jose Altuve-Astros,0.498907563025,0.270650406504,0.382142857143,0.38311827957
Jose Alvarado-Rays,0.0,0.0,,
Jose Alvarez-Angels,0.0,0.0,,
Jose Bautista-Blue Jays,0.355982905983,0.29976,0.20125,0.364784946237
Jose Berrios-Twins,0.0,0.0,,
Jose De Leon-Rays,0.0,,,
Jose Iglesias-Tigers,0.281182795699,0.275641025641,0.327857142857,0.269020979021
Jose Leclerc-Rangers,0.0,0.0,,
Jose Lobaton-Nationals,0.244375,0.1204,0.196,0.187857142857
Jose Martinez-Cardinals,0.323666666667,0.284411764706,0.391111111111,0.268260869565
Jose Osuna-Pirates,0.3058,0.291627906977,0.27972972973,0.312142857143
Jose Peraza-Reds,0.304347826087,0.230081300813,0.210754716981,0.278580246914
Jose Quintana-White Sox,0.0,0.0,0.0,0.0
Jose Ramirez-Braves,0.0,0.0,,
Jose Ramirez-Indians,0.284649122807,0.43,0.29475,0.388633093525
Jose Reyes-Mets,0.308876404494,0.206974789916,0.289189189189,0.242222222222
Jose Torres-Padres,0.0,0.89,,0.89
Jose Urena-Marlins,0.0,0.0809090909091,0.0,0.089
Jose Valdez-Angels,0.0,,,
Jose Valdez-Padres,,0.0,,
Josh Bell-Pirates,0.318672566372,0.312857142857,0.279807692308,0.327798742138
Josh Collmenter-Braves,0.0,0.0,,
Josh Donaldson-Blue Jays,0.44375,0.380476190476,0.377142857143,0.415
Josh Edgin-Mets,0.0,0.0,,
Josh Fields-Dodgers,0.0,0.0,,
Josh Harrison-Pirates,0.345245901639,0.348367346939,0.375925925926,0.337108433735
Josh Lindblom-Pirates,0.0,0.0,0.0,0.0
Josh Osich-Giants,0.0,0.0,,
Josh Phegley-Athletics,0.281714285714,0.208974358974,0.282058823529,0.2105
Josh Reddick-Astros,0.279272727273,0.388791208791,0.295517241379,0.334476744186
Josh Rutledge-Red Sox,0.274347826087,0.2225,0.18375,0.278148148148
Josh Smith-Athletics,0.0,0.0,,
Josh Smoker-Mets,0.0,0.0,,0.0
Josh Tomlin-Indians,0.2225,0.0,,0.2225
Juan Centeno-Astros,,0.695,,0.695
Juan Graterol-Angels,0.294615384615,0.197777777778,0.148333333333,0.26
Juan Lagares-Mets,0.308333333333,0.2315,0.332105263158,0.239215686275
Juan Minaya-White Sox,0.0,0.0,,
Juan Nicasio-Pirates,0.0,0.0,,
Julio Teheran-Braves,0.0,0.178,0.0,0.104705882353
Julio Urias-Dodgers,0.0,0.296666666667,0.0,0.178
Jumbo Diaz-Rays,0.0,0.0,,
Junichi Tazawa-Marlins,0.0,0.0,,
Junior Guerra-Brewers,0.0,0.0,0.0,0.0
Jurickson Profar-Rangers,0.304782608696,0.134545454545,0.23,0.220952380952
Justin Bour-Marlins,0.352857142857,0.440350877193,0.487777777778,0.37622754491
Justin Grimm-Cubs,0.0,0.0,,0.0
Justin Haley-Twins,0.0,0.0,,
Justin Marks-Rays,,0.0,,
Justin Nicolino-Marlins,0.0,0.0,0.0,0.0
Justin Ruggiano-Giants,0.2604,0.228333333333,0.233636363636,0.245897435897
Justin Smoak-Blue Jays,0.332197802198,0.430603448276,0.490425531915,0.3570625
Justin Turner-Dodgers,0.374,0.425882352941,0.361754385965,0.418020833333
Justin Upton-Tigers,0.361578947368,0.354897959184,0.319473684211,0.367011494253
Justin Verlander-Tigers,0.0,0.0,0.0,
Justin Wilson-Tigers,0.0,0.0,,
Kelby Tomlinson-Giants,0.164666666667,0.33375,0.258461538462,0.247222222222
Kelvin Herrera-Royals,0.0,0.0,,
Ken Giles-Astros,0.0,0.0,,
Kendall Graveman-Athletics,0.0,0.0,,
Kendrys Morales-Blue Jays,0.306074766355,0.358672566372,0.3262,0.335117647059
Kenley Jansen-Dodgers,0.0,0.89,,0.296666666667
Kennys Vargas-Twins,0.35511627907,0.288163265306,0.102916666667,0.395882352941
Kenta Maeda-Dodgers,0.11125,0.089,0.0,0.161818181818
Keon Broxton-Brewers,0.266021505376,0.3435,0.320185185185,0.30071942446
Keone Kela-Rangers,0.0,0.0,,
Kevan Smith-White Sox,0.221707317073,0.2495,0.16275862069,0.2925
Kevin Gausman-Orioles,0.0,0.0,,0.0
Kevin Kiermaier-Rays,0.310692307692,0.319043478261,0.235875,0.352787878788
Kevin McCarthy-Royals,,0.0,,
Kevin Pillar-Blue Jays,0.316929824561,0.325503875969,0.397719298246,0.29811827957
Kevin Plawecki-Mets,0.3025,0.0492857142857,0.0,0.196363636364
Kevin Quackenbush-Padres,0.0,0.0,,
Kevin Siegrist-Cardinals,0.0,0.0,,
Keynan Middleton-Angels,0.0,0.0,,
Khris Davis-Athletics,0.305575221239,0.387433628319,0.2816,0.364943181818
Kirby Yates-Angels,,0.0,,
Kirby Yates-Padres,0.0,0.0,,
Kirk Nieuwenhuis-Brewers,0.0627272727273,0.29,0.69,0.186428571429
Koda Glover-Nationals,0.0,0.0,,
Koji Uehara-Cubs,0.0,0.0,,
Kole Calhoun-Angels,0.261176470588,0.328760330579,0.258148148148,0.306021505376
Kolten Wong-Cardinals,0.278285714286,0.384938271605,0.3603125,0.328823529412
Kris Bryant-Cubs,0.383454545455,0.38157480315,0.489298245614,0.348611111111
Kurt Suzuki-Braves,0.241904761905,0.406666666667,0.437692307692,0.307702702703
Kyle Barraclough-Marlins,0.0,0.0,,
Kyle Freeland-Rockies,0.384,0.2225,0.127142857143,0.43
Kyle Gibson-Twins,0.0,0.0,,
Kyle Hendricks-Cubs,0.197777777778,0.0,0.148333333333,0.0684615384615
Kyle Higashioka-Yankees,0.0,0.0766666666667,0.0985714285714,0.0530769230769
Kyle Kendrick-Red Sox,0.0,0.0,,0.0
Kyle Ryan-Tigers,0.0,0.0,,
Kyle Schwarber-Cubs,0.242767857143,0.31067961165,0.27652173913,0.274970414201
Kyle Seager-Mariners,0.315175438596,0.313421052632,0.302909090909,0.317919075145
Lance Lynn-Cardinals,0.0,0.127142857143,0.0,0.055625
Lance McCullers Jr.-Astros,0.0,0.0,,0.0
Lane Adams-Braves,0.296666666667,0.296666666667,0.0,0.33375
Leonel Campos-Blue Jays,0.0,0.0,,
Leonys Martin-Mariners,0.108965517241,0.161428571429,0.225714285714,0.122
Leury Garcia-White Sox,0.311057692308,0.378153846154,0.310769230769,0.348461538462
Liam Hendriks-Athletics,0.0,0.0,,
Lisalverto Bonilla-Reds,0.526666666667,0.0,0.395,0.0
Logan Forsythe-Dodgers,0.2775,0.27875,0.464571428571,0.171147540984
Logan Morrison-Rays,0.410782608696,0.3354,0.330408163265,0.389096385542
Logan Verrett-Orioles,0.0,0.0,,
Lonnie Chisenhall-Indians,0.333888888889,0.397291666667,0.420625,0.353139534884
Lorenzo Cain-Royals,0.264245283019,0.3625,0.245454545455,0.3456875
Lucas Duda-Mets,0.411612903226,0.392077922078,0.436875,0.396097560976
Luis Avilan-Dodgers,0.0,0.0,,0.0
Luis Cessa-Yankees,,0.0,,
Luis Garcia-Phillies,0.0,0.0,,
Luis Perdomo-Padres,0.0,0.296666666667,0.0,0.2225
Luis Sardinas-Padres,0.22347826087,0.158,0.25347826087,0.135
Luis Severino-Yankees,0.0,0.0,0.0,
Luis Torrens-Padres,0.15125,0.154375,0.0,0.184848484848
Luis Valbuena-Angels,0.222372881356,0.286666666667,0.206363636364,0.257272727273
Luke Gregerson-Astros,0.0,0.0,,
Luke Jackson-Braves,0.0,0.0,,
Luke Maile-Blue Jays,0.14875,0.185319148936,0.145294117647,0.181666666667
Mac Williamson-Giants,0.225555555556,0.2225,0.148333333333,0.240357142857
Madison Bumgarner-Giants,0.778333333333,0.0,0.663333333333,0.536
Magneuris Sierra-Cardinals,0.377272727273,0.342307692308,0.494444444444,0.319230769231
Maikel Franco-Phillies,0.257168141593,0.29329787234,0.271730769231,0.274193548387
Mallex Smith-Rays,0.254285714286,0.310526315789,0.0,0.3072
Manny Machado-Orioles,0.306754385965,0.315887096774,0.3568,0.290674846626
Manny Pina-Brewers,0.314423076923,0.321538461538,0.324358974359,0.315384615385
Manuel Margot-Padres,0.260865384615,0.345106382979,0.301176470588,0.30074829932
Marc Rzepczynski-Mariners,0.0,0.0,,
Marcell Ozuna-Marlins,0.338407079646,0.467619047619,0.44,0.398549222798
Marco Estrada-Blue Jays,0.0,0.0,,0.0
Marco Hernandez-Red Sox,0.289259259259,0.2478125,0.278125,0.262558139535
Marcus Semien-Athletics,0.174615384615,0.433684210526,0.256666666667,0.297666666667
Marcus Stroman-Blue Jays,0.45,0.0,0.0,0.525
Mark Canha-Athletics,0.247777777778,0.277804878049,0.2590625,0.263888888889
Mark Leiter Jr.-Phillies,0.0,0.0,0.0,0.0
Mark Melancon-Giants,0.0,0.0,,
Mark Reynolds-Rockies,0.312767857143,0.451636363636,0.298571428571,0.414465408805
Mark Trumbo-Orioles,0.311982758621,0.321967213115,0.342857142857,0.304782608696
Martin Maldonado-Angels,0.292289156627,0.312207792208,0.445526315789,0.257131147541
Martin Perez-Rangers,0.0,0.0,,
Martin Prado-Marlins,0.325576923077,0.284,0.326923076923,0.311186440678
Marwin Gonzalez-Astros,0.3695,0.487875,0.380816326531,0.44981981982
Masahiro Tanaka-Yankees,0.0,0.0,,0.0
Mat Latos-Blue Jays,0.0,,,0.0
Matt Adams-Braves,0.342777777778,0.403076923077,0.288,0.383461538462
Matt Adams-Cardinals,0.2932,0.352962962963,0.0,0.344081632653
Matt Albers-Nationals,0.0,0.0,,
Matt Andriese-Rays,0.0,0.0,,
Matt Barnes-Red Sox,0.0,0.0,,
Matt Belisle-Twins,0.0,0.0,,
Matt Bowman-Cardinals,0.0,0.0,,0.0
Matt Bush-Rangers,0.0,0.0,,
Matt Cain-Giants,0.0,0.205,0.0,0.205
Matt Carpenter-Cardinals,0.36568627451,0.293153153153,0.255882352941,0.350555555556
Matt Davidson-White Sox,0.335875,0.354117647059,0.37298245614,0.326263736264
Matt Dermody-Blue Jays,,0.0,,
Matt Garza-Brewers,0.0,0.0988888888889,0.296666666667,0.0
Matt Grace-Nationals,0.0,0.0,,
Matt Harvey-Mets,0.0593333333333,0.0,0.0,0.0523529411765
Matt Holliday-Yankees,0.393942307692,0.349896907216,0.4092,0.36059602649
Matt Joyce-Athletics,0.313939393939,0.272125,0.28,0.297278481013
Matt Kemp-Braves,0.423307086614,0.327066666667,0.403846153846,0.385170454545
Matt Moore-Giants,0.161818181818,0.0,0.2225,0.055625
Matt Olson-Athletics,,0.1725,0.0,0.23
Matt Reynolds-Mets,0.289285714286,0.268,0.526666666667,0.245238095238
Matt Shoemaker-Angels,0.0,0.0,,0.0
Matt Strahm-Royals,0.0,0.0,,
Matt Szczur-Cubs,0.1975,0.279230769231,0.287272727273,0.205
Matt Szczur-Padres,0.313939393939,0.195384615385,0.089,0.333611111111
Matt Wieters-Nationals,0.266633663366,0.413157894737,0.429259259259,0.3116
Matt Wisler-Braves,0.0,0.0,,0.0
Matthew Boyd-Tigers,0.445,0.0,,0.445
Max Kepler-Twins,0.385357142857,0.312601626016,0.209069767442,0.377012195122
Max Moroff-Pirates,0.0809090909091,,0.296666666667,0.0
Max Scherzer-Nationals,0.176428571429,0.148333333333,0.0,0.17
Melky Cabrera-White Sox,0.279527559055,0.328064516129,0.310757575758,0.295454545455
Michael Brantley-Indians,0.346315789474,0.361153846154,0.319558823529,0.371984732824
Michael Conforto-Mets,0.41475,0.435833333333,0.414285714286,0.429534883721
Michael Feliz-Astros,0.0,0.0,0.0,
Michael Fulmer-Tigers,0.0,0.0,,
Michael Lorenzen-Reds,0.0,0.398,0.4975,0.0
Michael Martinez-Indians,0.3375,1.16,0.316,0.45375
Michael Martinez-Rays,0.0575,0.175555555556,0.0,0.133529411765
Michael Morse-Giants,0.238235294118,0.255454545455,0.228333333333,0.256666666667
Michael Pineda-Yankees,0.296666666667,0.0,,0.296666666667
Michael Saunders-Phillies,0.260303030303,0.291538461538,0.275555555556,0.275147058824
Michael Taylor-Nationals,0.248409090909,0.422727272727,0.325625,0.322459016393
Michael Tonkin-Twins,0.0,0.0,,
Michael Wacha-Cardinals,0.0,0.089,0.0,0.0684615384615
Michael Ynoa-White Sox,0.0,0.0,,
Miguel Almonte-Royals,0.0,,,
Miguel Cabrera-Tigers,0.328166666667,0.392580645161,0.428611111111,0.330753424658
Miguel Castro-Orioles,0.0,,,
Miguel Diaz-Padres,0.0,0.0,,
Miguel Gonzalez-White Sox,0.0,0.0,,0.0
Miguel Montero-Cubs,0.266279069767,0.460285714286,0.429090909091,0.340895522388
Miguel Rojas-Marlins,0.355,0.342727272727,0.205454545455,0.41387755102
Miguel Sano-Twins,0.493020833333,0.365,0.427826086957,0.422317073171
Miguel Socolovich-Cardinals,0.0,0.0,0.0,
Mike Aviles-Marlins,,0.115,0.0,0.345
Mike Bolsinger-Blue Jays,0.0,0.0,,
Mike Clevinger-Indians,0.0,0.0,,
Mike Dunn-Rockies,0.0,0.0,,
Mike Fiers-Astros,0.0,0.0,,0.0
Mike Foltynewicz-Braves,0.0,0.0,0.0,0.0
Mike Freeman-Mariners,0.0383333333333,0.309375,0.46,0.137419354839
Mike Hauschild-Rangers,0.0,0.0,,
Mike Leake-Cardinals,0.105333333333,0.3025,0.252222222222,0.163333333333
Mike Minor-Royals,0.0,0.0,,
Mike Montgomery-Cubs,0.0,0.0,0.0,0.0
Mike Morin-Angels,0.0,0.0,,
Mike Moustakas-Royals,0.3628125,0.323421052632,0.246326530612,0.370372670807
Mike Napoli-Rangers,0.292692307692,0.266451612903,0.357346938776,0.254797297297
Mike Ohlman-Blue Jays,0.0,0.2225,0.0,0.2225
Mike Pelfrey-White Sox,0.0,0.0,,
Mike Trout-Angels,0.490178571429,0.477126436782,0.442368421053,0.494409937888
Mike Wright-Orioles,,0.0,,
Mike Zunino-Mariners,0.220405405405,0.337777777778,0.227727272727,0.273195876289
Mikie Mahtook-Tigers,0.241944444444,0.309090909091,0.262894736842,0.287741935484
Mitch Haniger-Mariners,0.400784313725,0.47487804878,0.384666666667,0.443376623377
Mitch Moreland-Red Sox,0.380990990991,0.302647058824,0.320882352941,0.347765363128
Mookie Betts-Red Sox,0.377906976744,0.301071428571,0.331578947368,0.344187192118
Mychal Givens-Orioles,0.0,0.0,,
Nate Jones-White Sox,0.0,0.0,,
Nate Karns-Royals,0.0,0.0,,
Neftali Feliz-Brewers,0.0,0.0,,
Neil Ramirez-Giants,0.0,0.0,,
Neil Ramirez-Mets,0.0,0.0,,
Neil Walker-Mets,0.40329787234,0.280984848485,0.315,0.336647727273
Nelson Cruz-Mariners,0.37963963964,0.413818181818,0.332083333333,0.414566473988
Nicholas Castellanos-Tigers,0.246984126984,0.335849056604,0.283191489362,0.288702702703
Nick Ahmed-Diamondbacks,0.333432835821,0.310454545455,0.452127659574,0.250930232558
Nick Franklin-Brewers,0.234390243902,0.224482758621,0.0,0.282807017544
Nick Goody-Indians,0.0,0.0,,
Nick Hundley-Giants,0.331315789474,0.21375,0.284242424242,0.248852459016
Nick Markakis-Braves,0.365563909774,0.249696969697,0.264047619048,0.327631578947
Nick Martinez-Rangers,0.345,0.0,,0.345
Nick Pivetta-Phillies,0.148333333333,0.0,0.0,0.178
Nick Tepesch-Twins,,0.0,,
Nick Vincent-Mariners,0.0,0.0,,
Nick Wittgren-Marlins,0.0,0.0,0.0,
Noah Syndergaard-Mets,0.46,0.30875,0.0,0.385
Noe Ramirez-Red Sox,0.0,,,
Nolan Arenado-Rockies,0.404817518248,0.348899082569,0.54484375,0.322087912088
Nolan Fontana-Angels,0.178666666667,0.0,,0.141052631579
Nomar Mazara-Rangers,0.312549019608,0.352672413793,0.211025641026,0.360670391061
Norichika Aoki-Astros,0.345652173913,0.210163934426,0.2688,0.285238095238
Odrisamer Despaigne-Marlins,0.0,,,0.0
Odubel Herrera-Phillies,0.290535714286,0.284857142857,0.363636363636,0.262037037037
Oliver Drake-Brewers,0.0,0.0,,
Oliver Drake-Orioles,0.0,0.0,,
Oliver Perez-Nationals,0.0,0.0,,
Omar Narvaez-White Sox,0.28,0.364,0.304285714286,0.316075949367
Orlando Arcia-Brewers,0.240638297872,0.315555555556,0.271509433962,0.281928571429
Orlando Calixte-Giants,0.240625,0.25625,0.41,0.202631578947
Pablo Sandoval-Red Sox,0.332592592593,0.246206896552,0.168,0.345079365079
Paolo Espino-Brewers,0.0,,0.0,0.0
Parker Bridwell-Angels,,0.0,,
Pat Neshek-Phillies,0.0,0.0,,
Pat Valaika-Rockies,0.200714285714,0.407222222222,0.30935483871,0.323939393939
Patrick Corbin-Diamondbacks,0.0809090909091,0.162142857143,0.0,0.166315789474
Patrick Kivlehan-Reds,0.208333333333,0.404666666667,0.327307692308,0.290588235294
Paul DeJong-Cardinals,0.274117647059,0.356428571429,0.49,0.2684
Paul Goldschmidt-Diamondbacks,0.339349593496,0.489842519685,0.347462686567,0.440819672131
Paul Janish-Orioles,0.0,0.0,,0.0
Paul Sewald-Mets,0.0,0.0,,0.0
Paulo Orlando-Royals,0.124444444444,0.169523809524,0.2225,0.118055555556
Pedro Baez-Dodgers,0.0,0.0,,0.0
Pedro Strop-Cubs,0.0,0.0,,
Pete Kozma-Rangers,0.324545454545,0.175555555556,0.324545454545,0.175555555556
Pete Kozma-Yankees,0.0,0.225714285714,0.263333333333,0.0
Peter Bourjos-Rays,0.230322580645,0.294666666667,0.225526315789,0.322173913043
Peter Moylan-Royals,0.0,0.0,,
Phil Gosselin-Pirates,0.0877777777778,0.21,0.182666666667,0.104705882353
Phil Hughes-Twins,0.0,0.0,,
Phillip Ervin-Reds,0.69,0.0,0.69,0.0
Pierce Johnson-Cubs,,0.0,,
R.A. Dickey-Braves,0.148333333333,0.161818181818,0.148333333333,0.157058823529
Rafael Bautista-Nationals,0.263333333333,0.0,0.0,0.1975
Rafael Montero-Mets,0.0,0.0,,0.0
Raimel Tapia-Rockies,0.0,0.345,0.69,0.0
Raisel Iglesias-Reds,0.0,1.16,,1.16
Rajai Davis-Athletics,0.247808219178,0.227083333333,0.198571428571,0.251333333333
Randal Grichuk-Cardinals,0.233295454545,0.317142857143,0.213076923077,0.293428571429
Randall Delgado-Diamondbacks,0.0,0.0,0.0,0.0
Randy Rosario-Twins,0.0,,,
Raul Alcantara-Athletics,0.0,0.0,,
Raul Mondesi-Royals,0.095,0.224210526316,0.178,0.141428571429
Rene Rivera-Mets,0.347804878049,0.2609375,0.225294117647,0.308295454545
Reymin Guduan-Astros,0.0,,,
Reymond Fuentes-Diamondbacks,0.196875,0.193529411765,0.127142857143,0.207142857143
Ricardo Pinto-Phillies,0.0,,,0.0
Rich Hill-Dodgers,0.0,0.0,0.0,0.0
Richard Bleier-Orioles,0.0,0.0,,
Rick Porcello-Red Sox,0.0,0.0,,0.0
Rickie Weeks-Rays,0.283174603175,0.301162790698,0.292203389831,0.28829787234
Ricky Nolasco-Angels,0.0,0.0,,0.0
Rio Ruiz-Braves,0.157826086957,0.352,0.58,0.255490196078
Rob Refsnyder-Yankees,0.201764705882,0.0,0.23,0.182666666667
Rob Scahill-Brewers,0.0,0.0,,0.0
Rob Segedin-Dodgers,,0.2225,0.2225,
Rob Whalen-Mariners,0.0,,,
Rob Zastryzny-Cubs,,0.0,0.0,
Robbie Grossman-Twins,0.330461538462,0.3948,0.358431372549,0.374385964912
Robbie Ray-Diamondbacks,0.273571428571,0.296666666667,0.2225,0.295263157895
Robbie Ross Jr.-Red Sox,0.0,0.0,,
Robby Scott-Red Sox,0.0,0.0,,
Robert Gsellman-Mets,0.0,0.243076923077,0.0,0.1975
Robert Stephenson-Reds,0.89,0.0,0.0,0.445
Roberto Osuna-Blue Jays,0.0,0.0,,
Roberto Perez-Indians,0.188285714286,0.191794871795,0.271363636364,0.155769230769
Robinson Cano-Mariners,0.366949152542,0.340795454545,0.274310344828,0.387702702703
Robinson Chirinos-Rangers,0.278965517241,0.372222222222,0.396111111111,0.31625
Ronald Torreyes-Yankees,0.3375,0.225416666667,0.410769230769,0.267912087912
Rookie Davis-Reds,0.0,0.386666666667,,0.232
Ross Stripling-Dodgers,0.0,0.0,0.0,0.0
Rougned Odor-Rangers,0.227652173913,0.275901639344,0.162542372881,0.282303370787
Russell Martin-Blue Jays,0.282784810127,0.399655172414,0.318518518519,0.335636363636
Ryan Braun-Brewers,0.411707317073,0.343815789474,0.42625,0.345529411765
Ryan Buchter-Padres,0.0,0.0,,
Ryan Dull-Athletics,0.0,0.0,,
Ryan Flaherty-Orioles,0.284736842105,0.225714285714,0.2225,0.264827586207
Ryan Garton-Rays,0.0,0.0,,
Ryan Goins-Blue Jays,0.285774647887,0.269242424242,0.217857142857,0.293211009174
Ryan Hanigan-Rockies,0.37,0.184782608696,0.475333333333,0.116086956522
Ryan LaMarre-Athletics,0.08625,,0.0,0.1725
Ryan Madson-Athletics,0.0,0.0,,
Ryan Pressly-Twins,0.0,0.0,,
Ryan Raburn-Nationals,0.0,,0.0,
Ryan Rua-Rangers,0.247173913043,0.310727272727,0.270888888889,0.290535714286
Ryan Schimpf-Padres,0.314851485149,0.297816091954,0.307708333333,0.306714285714
Ryan Tepera-Blue Jays,0.0,0.0,,0.0
Ryan Weber-Mariners,0.0,,,
Ryan Zimmerman-Nationals,0.47175,0.45,0.513023255814,0.449418604651
Ryne Stanek-Rays,0.0,0.0,,
Ryon Healy-Athletics,0.263474576271,0.448018867925,0.510392156863,0.303757225434
Sal Romano-Reds,,0.0,,
Salvador Perez-Royals,0.360909090909,0.269339622642,0.231052631579,0.345337837838
Sam Dyson-Rangers,0.0,0.0,,
Sam Freeman-Braves,0.0,0.0,,0.0
Sam Gaviglio-Mariners,0.178,0.0,,0.178
Sam Travis-Red Sox,0.579090909091,0.356,0.5825,0.29
Sam Tuivailala-Cardinals,0.0,0.0,,
Sammy Solis-Nationals,0.0,0.0,,
Sandy Leon-Red Sox,0.273220338983,0.282727272727,0.3525,0.253488372093
Santiago Casilla-Athletics,0.0,0.0,,
Scooter Gennett-Reds,0.335357142857,0.296666666667,0.329,0.3125
Scott Alexander-Royals,0.0,0.0,,
Scott Feldman-Reds,0.0,0.0,0.0,0.0
Scott Oberg-Rockies,0.0,0.0,,
Scott Schebler-Reds,0.393762376238,0.297,0.404666666667,0.32858974359
Scott Van Slyke-Dodgers,0.1971875,0.316666666667,0.23303030303,0.240714285714
Sean Doolittle-Athletics,0.0,0.0,,
Sean Gilmartin-Mets,1.16,0.0,,1.16
Sean Manaea-Athletics,0.0,0.0,,
Sergio Romo-Dodgers,0.0,0.0,,
Seth Maness-Royals,0.0,0.0,,
Seth Smith-Orioles,0.322222222222,0.339861111111,0.446,0.32248
Seung-Hwan Oh-Cardinals,0.0,0.0,,
Shane Carle-Rockies,0.0,,,
Shane Greene-Tigers,0.0,0.0,,
Shane Peterson-Rays,0.286818181818,0.311666666667,0.263333333333,0.304117647059
Shane Robinson-Angels,,0.148333333333,0.148333333333,
Shawn Armstrong-Indians,0.0,0.0,,
Shawn Kelley-Nationals,0.0,0.0,,
Shelby Miller-Diamondbacks,0.23,0.0,,0.1725
Shin-Soo Choo-Rangers,0.283571428571,0.369811320755,0.279756097561,0.340613496933
Silvino Bracho-Diamondbacks,,0.0,,
Sonny Gray-Athletics,0.0,0.0,,
Starlin Castro-Yankees,0.33368,0.385377358491,0.326363636364,0.367102272727
Starling Marte-Pirates,0.203548387097,0.376923076923,0.0929411764706,0.36325
Stefan Crichton-Orioles,0.0,0.0,,
Stephen Cardullo-Rockies,0.274444444444,0.0530769230769,0.214782608696,0.08625
Stephen Drew-Nationals,0.158,0.279230769231,0.89,0.196363636364
Stephen Piscotty-Cardinals,0.32985915493,0.332686567164,0.221290322581,0.36308411215
Stephen Strasburg-Nationals,0.24,0.0809090909091,0.127142857143,0.18
Stephen Vogt-Athletics,0.288518518519,0.243225806452,0.162142857143,0.280465116279
Steve Cishek-Mariners,0.0,0.0,,
Steve Lombardozzi-Marlins,,0.0,0.0,0.0
Steve Pearce-Blue Jays,0.320975609756,0.220425531915,0.278666666667,0.261379310345
Steve Selsky-Red Sox,0.145,0.0,0.165714285714,0.0
Steven Okert-Giants,0.0,0.0,,0.0
Steven Souza Jr.-Rays,0.308629032258,0.4352,0.317313432836,0.385541401274
Steven Wright-Red Sox,0.0,0.0,,
Stuart Turner-Reds,0.3475,0.055625,0.0684615384615,0.278
T.J. McFarland-Diamondbacks,0.0,0.0,,0.0
T.J. Rivera-Mets,0.325384615385,0.2616,0.155909090909,0.332125
Taijuan Walker-Diamondbacks,0.242727272727,0.0766666666667,0.127142857143,0.19
Tanner Roark-Nationals,0.0627272727273,0.3675,0.0,0.226875
Taylor Jungmann-Brewers,,0.0,,
Taylor Motter-Mariners,0.249743589744,0.33724137931,0.205714285714,0.326666666667
Taylor Rogers-Twins,0.0,0.0,,
Teoscar Hernandez-Astros,0.0,,,
Terrance Gore-Royals,,0.0,,
Tim Adleman-Reds,0.0,0.128888888889,0.29,0.0
Tim Anderson-White Sox,0.288833333333,0.287857142857,0.303859649123,0.282448979592
Tim Beckham-Rays,0.363125,0.26,0.28447761194,0.325197368421
Tim Federowicz-Giants,,0.23,0.0,0.69
Todd Frazier-White Sox,0.356326530612,0.247065217391,0.334821428571,0.290298507463
Tom Koehler-Marlins,0.0,0.148333333333,0.148333333333,0.0
Tom Wilhelmsen-Diamondbacks,0.0,0.0,,
Tomas Telis-Marlins,,0.0,0.0,0.0
Tommy Hunter-Rays,0.0,0.0,,
Tommy Joseph-Phillies,0.3153,0.338837209302,0.306862745098,0.333481481481
Tommy Kahnle-White Sox,0.0,0.0,,
Tommy La Stella-Cubs,0.421363636364,0.457777777778,0.4975,0.422222222222
Tommy Layne-Yankees,0.0,0.0,,
Tommy Milone-Brewers,0.1725,0.0,,0.138
Tommy Milone-Mets,0.0,0.445,,0.2225
Tommy Pham-Cardinals,0.521052631579,0.210454545455,0.494827586207,0.341805555556
Tony Barnette-Rangers,0.0,0.0,,
Tony Cingrani-Reds,0.0,0.0,,
Tony Kemp-Astros,0.0,0.0,,0.0
Tony Sipp-Astros,0.0,0.0,,0.0
Tony Watson-Pirates,0.0,0.0,,0.0
Tony Wolters-Rockies,0.304166666667,0.397872340426,0.342608695652,0.340833333333
Tony Zych-Mariners,0.0,0.0,,
Travis Jankowski-Padres,0.164545454545,0.282916666667,0.121538461538,0.241818181818
Travis Shaw-Brewers,0.365979381443,0.358067226891,0.310714285714,0.3794375
Travis Wood-Royals,0.0,0.0,,
Travis d'Arnaud-Mets,0.475652173913,0.174375,0.771875,0.229487179487
Trayce Thompson-Dodgers,0.0,0.0,0.0,0.0
Trea Turner-Nationals,0.29675,0.293793103448,0.175365853659,0.325180722892
Trevor Bauer-Indians,0.0,0.0,,0.0
Trevor Cahill-Padres,0.232,0.395,0.0,0.391428571429
Trevor Plouffe-Athletics,0.209662921348,0.3257,0.292264150943,0.262794117647
Trevor Rosenthal-Cardinals,0.0,0.0,,
Trevor Story-Rockies,0.341590909091,0.290804597701,0.400769230769,0.280650406504
Trevor Williams-Pirates,0.0,0.0,0.0,0.0
Trey Mancini-Orioles,0.34768115942,0.364210526316,0.309718309859,0.401081081081
Troy Tulowitzki-Blue Jays,0.253333333333,0.325737704918,0.238260869565,0.320422535211
Tucker Barnhart-Reds,0.308769230769,0.301492537313,0.193181818182,0.327454545455
Tuffy Gosewisch-Mariners,0.131666666667,0.0523529411765,0.0684615384615,0.09875
Ty Blach-Giants,0.188181818182,0.326666666667,0.165714285714,0.296153846154
Ty Kelly-Mets,,0.0,,0.0
Ty Kelly-Phillies,0.306,0.232,0.205555555556,0.31625
Tyler Anderson-Rockies,0.131666666667,0.0,0.0,0.143636363636
Tyler Chatwood-Rockies,0.226153846154,0.11125,0.0,0.239375
Tyler Clippard-Yankees,0.0,0.0,,
Tyler Collins-Tigers,0.1612,0.397042253521,0.128888888889,0.285547445255
Tyler Danish-White Sox,,0.0,,
Tyler Duffey-Twins,0.0,0.0,,
Tyler Flowers-Braves,0.388444444444,0.398837209302,0.411666666667,0.389834710744
Tyler Glasnow-Pirates,0.469166666667,0.225714285714,0.0,0.450625
Tyler Lyons-Cardinals,0.0,0.69,,0.69
Tyler Moore-Marlins,0.226153846154,0.26875,0.118666666667,0.345909090909
Tyler Naquin-Indians,0.322857142857,0.0,,0.251111111111
Tyler Pill-Mets,0.0,0.0,,0.0
Tyler Saladino-White Sox,0.209718309859,0.307307692308,0.292,0.234659090909
Tyler Skaggs-Angels,0.0,0.0,,
Tyler Smith-Mariners,,0.58,0.0,1.16
Tyler Wilson-Orioles,0.0,0.0,,
Ubaldo Jimenez-Orioles,0.296666666667,0.0,0.296666666667,
Vance Worley-Marlins,0.0,0.445,,0.296666666667
Victor Martinez-Tigers,0.329083333333,0.30578313253,0.319761904762,0.31950310559
Vidal Nuno-Orioles,0.0,0.0,,0.0
Vince Velasquez-Phillies,0.33375,0.267,0.254285714286,0.323636363636
Wade Davis-Cubs,0.0,0.0,,
Wade LeBlanc-Pirates,0.0,0.2225,0.0,0.445
Wade Miley-Orioles,0.2225,0.0,,0.2225
Wandy Peralta-Reds,0.0,0.0,,
Warwick Saupold-Tigers,0.0,0.0,,
Wei-Yin Chen-Marlins,0.178,0.0,,0.11125
Welington Castillo-Orioles,0.363015873016,0.323442622951,0.3525,0.339285714286
Whit Merrifield-Royals,0.354098360656,0.347252747253,0.440952380952,0.315272727273
Wil Myers-Padres,0.360826446281,0.310847457627,0.290192307692,0.348930481283
Will Harris-Astros,0.0,0.0,,
William Cuevas-Tigers,0.0,,,
Willson Contreras-Cubs,0.377027027027,0.264222222222,0.375925925926,0.285272727273
Willy Garcia-White Sox,0.237941176471,0.397142857143,0.415263157895,0.198620689655
Wilmer Difo-Nationals,0.285111111111,0.173,0.116153846154,0.253333333333
Wilmer Flores-Mets,0.308235294118,0.369882352941,0.446666666667,0.324565217391
Wily Peralta-Brewers,0.2225,0.274444444444,0.23,0.267
Xander Bogaerts-Red Sox,0.359454545455,0.363727272727,0.344324324324,0.365081967213
Xavier Cedeno-Rays,0.0,0.0,,
Yadier Molina-Cardinals,0.295824175824,0.300185185185,0.31,0.295031847134
Yan Gomes-Indians,0.382638888889,0.211525423729,0.387906976744,0.265340909091
Yandy Diaz-Indians,0.175111111111,0.324,0.2025,0.2386
Yangervis Solarte-Padres,0.283916666667,0.310857142857,0.215098039216,0.320344827586
Yasiel Puig-Dodgers,0.277431192661,0.355981308411,0.238474576271,0.345605095541
Yasmani Grandal-Dodgers,0.285161290323,0.378659793814,0.246086956522,0.360625
Yasmany Tomas-Diamondbacks,0.243111111111,0.394157303371,0.245263157895,0.352295081967
Yoenis Cespedes-Mets,0.530666666667,0.329090909091,0.568823529412,0.363684210526
Yolmer Sanchez-White Sox,0.341333333333,0.3332,0.395531914894,0.313981481481
Yonder Alonso-Athletics,0.385789473684,0.502375,0.3515625,0.458671328671
Yovani Gallardo-Mariners,0.445,0.0,,0.445
Yu Darvish-Rangers,0.0,0.0,,
Yuli Gurriel-Astros,0.350210526316,0.257333333333,0.156734693878,0.358455882353
Yunel Escobar-Angels,0.289784946237,0.350537634409,0.402448979592,0.290729927007
Yusmeiro Petit-Angels,0.0,0.0,,
Zac Curtis-Mariners,0.0,,,
Zac Rosscup-Cubs,,0.0,,
Zach Britton-Orioles,0.0,0.0,,
Zach Davies-Brewers,0.148333333333,0.125454545455,0.0,0.151333333333
Zach Eflin-Phillies,0.0,0.254285714286,0.0,0.136923076923
Zach Lee-Padres,0.0,0.0,0.0,0.0
Zach McAllister-Indians,0.0,0.0,,
Zach Neal-Athletics,0.0,0.0,,
Zach Putnam-White Sox,0.0,0.0,,
Zack Cozart-Reds,0.465656565657,0.418,0.517368421053,0.423352272727
Zack Godley-Diamondbacks,0.0,0.225714285714,0.138,0.11125
Zack Greinke-Diamondbacks,0.0809090909091,0.09875,0.1975,0.0468421052632
Zack Wheeler-Mets,0.158,0.0966666666667,0.0,0.130476190476
